seen_at,country,domain,tier,weight,language,title,url,relevant,stance,category,depth,subtopic,rationale
2026-09-27T13:00:00+00:00,UK,liverpoolecho.co.uk,,1.0,English,BBC sitcom star Miranda Hart on  challenging  Celebrity Traitors admission,https://www.liverpoolecho.co.uk/news/showbiz-news/bbc-sitcom-star-miranda-hart-34664890,,,,,,
2026-09-27T09:00:00+00:00,UK,womanandhome.com,,1.0,English,The Celebrity Traitors helped Miranda Hart rediscover  joy,https://www.womanandhome.com/life/news-entertainment/miranda-hart-rediscover-joy-celebrity-traitors/,,,,,,
2026-09-24T23:00:00+00:00,UK,express.co.uk,,1.0,English,Award - winning actor dies aged 43 after heartbreaking farewell post,https://www.express.co.uk/celebrity-news/2251570/award-winning-actor-arnaud-denis-euthanasia,,,,,,
2026-09-24T22:00:00+00:00,UK,aol.co.uk,,1.0,English,Arnaud Denis dead : Award winning actor dies age 43 after heartbreaking final post,https://www.aol.co.uk/articles/arnaud-denis-dead-award-winning-210300000.html,,,,,,
2026-09-23T20:00:00+00:00,UK,ibtimes.co.uk,,1.0,English,Arnaud Deni Final Warning Before Euthanasia :  There Is a Health Emergency  for ME Patients,https://www.ibtimes.co.uk/arnaud-denis-final-post-me-health-emergency-1821571,,,,,,
2026-09-22T11:00:00+00:00,UK,hellomagazine.com,,1.0,English,Miranda Hart shares update on  long - term health issue as she reveals reason for TV return,https://www.hellomagazine.com/healthandbeauty/health-and-fitness/924698/miranda-hart-reveals-update-long-term-health-issues/,,,,,,
2026-09-22T09:00:00+00:00,UK,metro.co.uk,,1.0,English,Miranda Hart says Celebrity Traitors will be  challenging  on her body,https://metro.co.uk/2026/09/22/miranda-hart-says-celebrity-traitors-will-challenging-body-29642515/,,,,,,
2026-09-22T07:45:00+00:00,UK,femalefirst.co.uk,,1.0,English,Miranda Hart credits The Celebrity Traitors for helping bring back her TV  joy,http://www.femalefirst.co.uk/tv/news/miranda-hart-credits-celebrity-traitors-helping-bring-back-joy-1450955.html,,,,,,
2026-09-11T11:45:00+00:00,UK,attitude.co.uk,,1.0,English,SAFIRE on fetish culture and new single  EROTICA,https://www.attitude.co.uk/culture/safire-new-single-erotica-fetish-madonna-533968/,,,,,,
2026-09-11T08:45:00+00:00,NL,dutchnews.nl,,1.0,English,"All you need is a Beatles lyric , TU Delft researchers find",https://www.dutchnews.nl/2026/09/all-you-need-is-a-beatles-lyric-tu-delft-researchers-find/,,,,,,
2026-09-10T18:00:00+00:00,NL,dutchnews.nl,,1.0,English,Four people with long Covid euthanised in NL last year,https://www.dutchnews.nl/2026/09/four-people-with-long-covid-euthanised-in-nl-last-year/,,,,,,
2026-09-10T06:00:00+00:00,UK,wiltshiretimes.co.uk,,1.0,English,RUH Bath introduces womb cancer test for faster diagnosis,https://www.wiltshiretimes.co.uk/news/26535970.ruh-bath-introduces-womb-cancer-test-faster-diagnosis/,,,,,,
2026-09-09T18:45:00+00:00,UK,timeshighereducation.com,,1.0,English,Want a catchy journal paper title ? All you need is a Beatles lyric,https://www.timeshighereducation.com/news/want-catchy-paper-title-all-you-need-beatles-lyric,,,,,,
2026-09-09T16:45:00+00:00,UK,somersetlive.co.uk,,1.0,English,DWP confirms  support  eligibility as update issued over conditions millions have in united kingdom,https://www.somersetlive.co.uk/news/health/dwp-confirms-support-eligibility-update-11149433,,,,,,
2026-09-09T15:00:00+00:00,UK,hulldailymail.co.uk,,1.0,English,DWP confirms  support  eligibility as update issued over conditions millions have in united kingdom,https://www.hulldailymail.co.uk/news/cost-of-living/dwp-confirms-support-eligibility-update-11149433,,,,,,
2026-09-09T13:30:00+00:00,UK,grimsbytelegraph.co.uk,,1.0,English,DWP confirms  support  eligibility as update issued over conditions millions have in united kingdom,https://www.grimsbytelegraph.co.uk/news/cost-of-living/dwp-confirms-support-eligibility-update-11149433,,,,,,
2026-09-09T13:00:00+00:00,UK,belfastlive.co.uk,,1.0,English,DWP  threshold  conditions update for people with ADHD and autism - full rights explained,https://www.belfastlive.co.uk/news/health/dwp-threshold-conditions-update-people-34590501,,,,,,
2026-09-09T04:45:00+00:00,UK,bournemouthecho.co.uk,,1.0,English,North Dorset mother launches singing book after son death,https://www.bournemouthecho.co.uk/news/26530700.north-dorset-mother-launches-singing-book-sons-death/,,,,,,
2026-09-08T05:30:00+00:00,UK,teesdalemercury.co.uk,,1.0,English,Meet the man behind Silver Bridge painted rocks – Teesdale Mercury,https://teesdalemercury.co.uk/news/meet-the-man-behind-silver-bridges-painted-rocks/,,,,,,
2026-09-07T13:15:00+00:00,UK,mirror.co.uk,,1.0,English,I was bedbound : Miranda Hart agonising 30 - year health battle ahead of Celebrity Traitors,https://www.mirror.co.uk/news/health/i-bedbound-miranda-harts-agonising-37635437,,,,,,
2026-09-06T15:45:00+00:00,UK,metro.co.uk,,1.0,English,Jonathan Ros rarely seen son Harvey marries long - term partner in lavish ceremony,https://metro.co.uk/2026/09/06/jonathan-ross-rarely-seen-son-harvey-marries-long-term-partner-lavish-ceremony-29548110/,,,,,,
2026-09-06T08:30:00+00:00,UK,greenocktelegraph.co.uk,,1.0,English,Estate agent Fiona McArthur on a  normal  property market,https://www.greenocktelegraph.co.uk/news/26521014.estate-agent-fiona-mcarthur-normal-property-market/,,,,,,
2026-09-05T21:15:00+00:00,NL,scientias.nl,,1.0,Dutch,"Bij veel ziektes , zoals long covid of PTSS , speelt vermoeidheid een belangrijke rol : wetenschappers snappen nu waarom",https://scientias.nl/bij-veel-ziektes-zoals-long-covid-of-ptss-speelt-vermoeidheid-een-belangrijke-rol-wetenschappers-snappen-nu-waarom/,,,,,,
2026-09-04T12:45:00+00:00,UK,huffingtonpost.co.uk,,1.0,English,Symptom Borrowing Meaning : Why Social Media Health Videos Trigger Health Anxiety,https://www.huffingtonpost.co.uk/entry/what-is-symptom-borrowing-tiktok-social-media-health-anxiety_uk_6a9a9b33e4b031dd47149cdd,,,,,,
2026-09-04T04:30:00+00:00,UK,wiltshiretimes.co.uk,,1.0,English,Wiltshire Long Covid service to continue until April,https://www.wiltshiretimes.co.uk/news/26516904.wiltshires-long-covid-service-continue-april/,,,,,,
2026-09-03T14:00:00+00:00,UK,bmmagazine.co.uk,,1.0,English,Steven Bartlett fortune soars as new $425m valuation cements his status among richest Dragons,https://bmmagazine.co.uk/profiles/steven-bartletts-fortune-soars-as-new-425m-valuation-cements-his-status-among-richest-dragons/,,,,,,
2026-09-03T12:15:00+00:00,UK,investegate.co.uk,,1.0,English,Orion reveals link between five fatigue conditions | Company Announcement,https://www.investegate.co.uk/announcement/rns/oxford-biodynamics--obd/orion-reveals-link-between-five-fatigue-conditions/9754462,,,,,,
2026-09-02T12:30:00+00:00,UK,eadt.co.uk,,1.0,English,Pandemic experience of Scottish workers detailed in new inquiry publication,https://www.eadt.co.uk/news/national/26514528.pandemic-experience-scottish-workers-detailed-new-inquiry-publication/,,,,,,
2026-09-02T12:30:00+00:00,UK,sthelensstar.co.uk,,1.0,English,Pandemic experience of Scottish workers detailed in new inquiry publication,https://www.sthelensstar.co.uk/news/national/26514528.pandemic-experience-scottish-workers-detailed-new-inquiry-publication/,,,,,,
2026-09-02T12:30:00+00:00,UK,eastlothiancourier.com,,1.0,English,Pandemic experience of Scottish workers detailed in new inquiry publication,https://www.eastlothiancourier.com/news/national/26514528.pandemic-experience-scottish-workers-detailed-new-inquiry-publication/,,,,,,
2026-09-02T12:30:00+00:00,UK,hellomagazine.com,,1.0,English,Jennifer Garner looks identical to daughter Violet Affleck in striking throwback photo,https://www.hellomagazine.com/us/921224/jennifer-garner-looks-identical-to-daughter-violet-affleck/,,,,,,
2026-09-02T11:45:00+00:00,UK,herefordtimes.com,,1.0,English,Pandemic experience of Scottish workers detailed in new inquiry publication,https://www.herefordtimes.com/news/national/26514528.pandemic-experience-scottish-workers-detailed-new-inquiry-publication/,,,,,,
2026-09-02T11:45:00+00:00,UK,surreycomet.co.uk,,1.0,English,Pandemic experience of Scottish workers detailed in new inquiry publication,https://www.surreycomet.co.uk/news/national/26514528.pandemic-experience-scottish-workers-detailed-new-inquiry-publication/,,,,,,
2026-09-02T11:30:00+00:00,UK,chardandilminsternews.co.uk,,1.0,English,Pandemic experience of Scottish workers detailed in new inquiry publication,https://www.chardandilminsternews.co.uk/news/national/26514528.pandemic-experience-scottish-workers-detailed-new-inquiry-publication/,,,,,,
2026-09-02T11:30:00+00:00,UK,hackneygazette.co.uk,,1.0,English,Pandemic experience of Scottish workers detailed in new inquiry publication,https://www.hackneygazette.co.uk/news/national/26514528.pandemic-experience-scottish-workers-detailed-new-inquiry-publication/,,,,,,
2026-09-02T11:30:00+00:00,UK,northwalespioneer.co.uk,,1.0,English,Pandemic experience of Scottish workers detailed in new inquiry publication,https://www.northwalespioneer.co.uk/news/national/26514528.pandemic-experience-scottish-workers-detailed-new-inquiry-publication/,,,,,,
2026-09-02T11:30:00+00:00,UK,edp24.co.uk,,1.0,English,Pandemic experience of Scottish workers detailed in new inquiry publication,https://www.edp24.co.uk/news/national/26514528.pandemic-experience-scottish-workers-detailed-new-inquiry-publication/,,,,,,
2026-09-02T10:45:00+00:00,UK,greenocktelegraph.co.uk,,1.0,English,Pandemic experience of Scottish workers detailed in new inquiry publication,https://www.greenocktelegraph.co.uk/news/national/26514528.pandemic-experience-scottish-workers-detailed-new-inquiry-publication/,,,,,,
2026-09-02T10:15:00+00:00,UK,thecomet.net,,1.0,English,Pandemic experience of Scottish workers detailed in new inquiry publication,https://www.thecomet.net/news/national/26514528.pandemic-experience-scottish-workers-detailed-new-inquiry-publication/,,,,,,
2026-09-02T10:15:00+00:00,UK,irvinetimes.com,,1.0,English,Pandemic experience of Scottish workers detailed in new inquiry publication,https://www.irvinetimes.com/news/national/26514528.pandemic-experience-scottish-workers-detailed-new-inquiry-publication/,,,,,,
2026-09-02T10:15:00+00:00,UK,midweekherald.co.uk,,1.0,English,Pandemic experience of Scottish workers detailed in new inquiry publication,https://www.midweekherald.co.uk/news/national/26514528.pandemic-experience-scottish-workers-detailed-new-inquiry-publication/,,,,,,
2026-09-02T10:15:00+00:00,UK,tivysideadvertiser.co.uk,,1.0,English,Pandemic experience of Scottish workers detailed in new inquiry publication,https://www.tivysideadvertiser.co.uk/news/national/26514528.pandemic-experience-scottish-workers-detailed-new-inquiry-publication/,,,,,,
2026-09-02T10:15:00+00:00,UK,nwemail.co.uk,,1.0,English,Pandemic experience of Scottish workers detailed in new inquiry publication,https://www.nwemail.co.uk/news/national/26514528.pandemic-experience-scottish-workers-detailed-new-inquiry-publication/,,,,,,
2026-09-02T10:15:00+00:00,UK,dorsetecho.co.uk,,1.0,English,Pandemic experience of Scottish workers detailed in new inquiry publication,https://www.dorsetecho.co.uk/news/national/26514528.pandemic-experience-scottish-workers-detailed-new-inquiry-publication/,,,,,,
2026-09-02T10:15:00+00:00,UK,southwalesguardian.co.uk,,1.0,English,Pandemic experience of Scottish workers detailed in new inquiry publication,https://www.southwalesguardian.co.uk/news/national/26514528.pandemic-experience-scottish-workers-detailed-new-inquiry-publication/,,,,,,
2026-09-02T10:15:00+00:00,UK,penarthtimes.co.uk,,1.0,English,Pandemic experience of Scottish workers detailed in new inquiry publication,https://www.penarthtimes.co.uk/news/national/26514528.pandemic-experience-scottish-workers-detailed-new-inquiry-publication/,,,,,,
2026-09-02T10:15:00+00:00,UK,bucksfreepress.co.uk,,1.0,English,Pandemic experience of Scottish workers detailed in new inquiry publication,https://www.bucksfreepress.co.uk/news/national/26514528.pandemic-experience-scottish-workers-detailed-new-inquiry-publication/,,,,,,
2026-09-02T10:15:00+00:00,UK,wharfedaleobserver.co.uk,,1.0,English,Pandemic experience of Scottish workers detailed in new inquiry publication,https://www.wharfedaleobserver.co.uk/news/national/26514528.pandemic-experience-scottish-workers-detailed-new-inquiry-publication/,,,,,,
2026-09-02T10:15:00+00:00,UK,southwalesargus.co.uk,,1.0,English,Pandemic experience of Scottish workers detailed in new inquiry publication,https://www.southwalesargus.co.uk/news/national/26514528.pandemic-experience-scottish-workers-detailed-new-inquiry-publication/,,,,,,
2026-08-31T06:45:00+00:00,UK,theargus.co.uk,,1.0,English,Sussex patients with severe ME  neglected  amid NHS care gap,https://www.theargus.co.uk/news/26502429.sussex-patients-severe-neglected-amid-nhs-care-gap/,,,,,,
2026-08-27T18:15:00+00:00,NL,nltimes.nl,,1.0,English,Dutch foundation funds long Covid research as government money runs out,https://nltimes.nl/2026/08/27/dutch-foundation-funds-long-covid-research-government-money-runs,,,,,,
2026-08-27T12:30:00+00:00,NL,dutchnews.nl,,1.0,English,New funding for long Covid research centre raised,https://www.dutchnews.nl/2026/08/new-funding-for-long-covid-research-centre-raised/,,,,,,
2026-08-26T20:00:00+00:00,UK,birminghammail.co.uk,,1.0,English,DWP confirms 533 conditions which can qualify for PIP ahead of possible reforms,https://www.birminghammail.co.uk/news/cost-of-living/dwp-confirms-533-conditions-can-34506065,,,,,,
2026-08-26T13:00:00+00:00,UK,falmouthpacket.co.uk,,1.0,English,Ashes lost in train suitcase mix - up now scattered in Cornwall,https://www.falmouthpacket.co.uk/news/26496220.ashes-lost-train-suitcase-mix-up-now-scattered-cornwall/,,,,,,
2026-08-26T12:15:00+00:00,UK,thisisoxfordshire.co.uk,,1.0,English,"Woman partners ashes  stolen  from train , reunited after urgent plea",https://www.thisisoxfordshire.co.uk/news/26496268.womans-partners-ashes-stolen-train-reunited-urgent-plea/,,,,,,
2026-08-26T11:15:00+00:00,UK,dailystar.co.uk,,1.0,English,Severe Covid - 19  could reawaken dormant viruse and make the symptoms even worse,https://www.dailystar.co.uk/news/latest-news/severe-covid-19-could-reawaken-37593687,,,,,,
2026-08-26T09:30:00+00:00,NL,nrc.nl,1,10.0,Dutch,De dwangsom geeft burgers een drukmiddel tegen een trage overheid . Steeds meer instanties willen ermee stoppen,https://www.nrc.nl/nieuws/2026/08/26/de-dwangsom-geeft-burgers-een-drukmiddel-tegen-een-trage-overheid-steeds-meer-instanties-willen-ermee-stoppen-a4934172,,,,,,
2026-08-26T08:15:00+00:00,UK,grimsbytelegraph.co.uk,,1.0,English,DWP paying PIP worth up to £774 a month for these 71 conditions,https://www.grimsbytelegraph.co.uk/news/cost-of-living/dwp-paying-pip-worth-up-11128169,,,,,,
2026-08-26T08:15:00+00:00,UK,walesonline.co.uk,,1.0,English,DWP will give people with these 71 conditions up to £196 a week,https://www.walesonline.co.uk/news/cost-of-living/dwp-give-people-71-conditions-34517949,,,,,,
2026-08-24T16:45:00+00:00,UK,express.co.uk,,1.0,English,Beloved musician dies at 27 as heartbreaking final wish revealed | Celebrity News | Showbiz & TV,https://www.express.co.uk/celebrity-news/2242020/musician-joey-mazzone-dead,,,,,,
2026-08-23T17:30:00+00:00,UK,ross-shirejournal.co.uk,,1.0,English,Highland stroke treatment falls far below national target,https://www.ross-shirejournal.co.uk/news/highland-stroke-treatment-falls-far-below-national-target-443109/,,,,,,
2026-08-22T16:45:00+00:00,UK,express.co.uk,,1.0,English,Full list of 533 conditions that qualify for £194 DWP payment every week,https://www.express.co.uk/finance/personalfinance/2241172/full-list-533-conditions-qualify-dwp,,,,,,
2026-08-22T07:45:00+00:00,UK,aol.co.uk,,1.0,English,For most people heatwaves are unpleasant – for us they are life - threatening,https://www.aol.co.uk/articles/most-people-heatwaves-unpleasant-us-070608000.html,,,,,,
2026-08-20T14:15:00+00:00,UK,theguardian.com,1,10.0,English,"The best books to read in August : new paperbacks from Chimamanda Ngozi Adichie , Salman Rushdie and Werner Herzog",https://www.theguardian.com/books/ng-interactive/2026/aug/20/the-best-books-to-read-in-august-new-paperbacks-from-chimamanda-ngozi-adichie-salman-rushdie-and-werner-herzog,,,,,,
2026-08-19T08:15:00+00:00,UK,investegate.co.uk,,1.0,English,Interim results for the 6 months ended 30 June 26 | Company Announcement,https://www.investegate.co.uk/announcement/rns/oxford-nanopore-technologies--ont/interim-results-for-the-6-months-ended-30-june-26/9728523,,,,,,
2026-08-19T08:15:00+00:00,UK,bbc.co.uk,1,10.0,English,Bradford man with long Covid asks PM to do more for sufferers,https://www.bbc.co.uk/news/articles/c62v41g8vl7o,,,,,,
2026-08-19T04:00:00+00:00,UK,thetelegraphandargus.co.uk,,1.0,English,Long Covid : Man plea to Prime Minister Andy Burnham | Bradford Telegraph and Argus,https://www.thetelegraphandargus.co.uk/news/26472760.long-covid-mans-plea-prime-minister-andy-burnham/,,,,,,
2026-08-17T04:30:00+00:00,UK,theboltonnews.co.uk,,1.0,English,Ainsworth teen releases debut album despite chronic illness,https://www.theboltonnews.co.uk/news/26464999.ainsworth-teen-releases-debut-album-despite-chronic-illness/,,,,,,
2026-08-14T23:45:00+00:00,UK,theguardian.com,1,10.0,English,"Five Great Reads : life under the Taliban , how to fight back against AI , and … aliens",https://www.theguardian.com/australia-news/2026/aug/14/life-under-the-taliban-how-to-fight-back-against-ai-and-aliens,,,,,,
2026-08-13T19:45:00+00:00,UK,networknorwich.co.uk,,1.0,English,Network Norfolk : Norwich missionary story of faithfulness and courage,https://www.networknorwich.co.uk/Articles/744636/Network_Norwich_and_Norfolk/People/Norwich_missionarys_story_of_faithfulness_and_courage.aspx,,,,,,
2026-08-12T13:30:00+00:00,UK,metro.co.uk,,1.0,English,"Jonathan Ross pictured with rarely - seen son Harvey , 32 , on family night out",https://metro.co.uk/2026/08/12/jonathan-ross-pictured-rarely-seen-son-harvey-32-family-night-29358825/,,,,,,
2026-08-09T15:45:00+00:00,UK,theguardian.com,1,10.0,English,How clean air clubs are protecting Americans from wildfire smoke,https://www.theguardian.com/us-news/2026/aug/09/us-wildfire-smoke-clean-air-clubs,,,,,,
2026-08-09T05:45:00+00:00,UK,leicestermercury.co.uk,,1.0,English,Woman will have to move over  undeniable danger  of new 95 - home plan,https://www.leicestermercury.co.uk/news/local-news/woman-move-over-undeniable-danger-11096754,,,,,,
2026-08-07T15:00:00+00:00,UK,eveningnews24.co.uk,,1.0,English,Tom Corney  noisy  Thorpe St Andrew neighbours move out,https://www.eveningnews24.co.uk/news/26444549.tom-corneys-noisy-thorpe-st-andrew-neighbours-move/,,,,,,
2026-08-05T16:00:00+00:00,UK,dailyrecord.co.uk,,1.0,English,Perth stroke survivor completes leap of faith charity fundraiser,https://www.dailyrecord.co.uk/news/local-news/perth-stroke-survivor-completes-leap-37518124,,,,,,
2026-08-05T12:00:00+00:00,UK,bbc.co.uk,1,10.0,English,Inside Health - Where are we at with long Covid ?,https://www.bbc.co.uk/sounds/play/m002zrmr,,,,,,
2026-07-30T12:15:00+00:00,NL,dutchnews.nl,,1.0,English,"Post - Covid fatigue not just caused by inactivity , study finds",https://www.dutchnews.nl/2026/07/post-covid-fatigue-not-just-caused-by-inactivity-study-finds/,,,,,,
2026-07-30T04:30:00+00:00,UK,walesonline.co.uk,,1.0,English,Autism - like  traits reversed in hours with one dose of drug,https://www.walesonline.co.uk/news/health/autism-like-symptoms-reversed-hours-34372725,,,,,,
2026-07-30T04:15:00+00:00,UK,belfastlive.co.uk,,1.0,English,Autism - like  traits reversed in hours with one dose of drug,https://www.belfastlive.co.uk/news/health/autism-like-symptoms-reversed-hours-34372725,,,,,,
2026-07-30T03:30:00+00:00,UK,coventrytelegraph.net,,1.0,English,Autism - like  traits reversed in hours with one dose of drug,https://www.coventrytelegraph.net/news/health/autism-like-symptoms-reversed-hours-34372725,,,,,,
2026-07-28T13:15:00+00:00,UK,aol.co.uk,,1.0,English,Kate Garraway  extremely upset  about sick abuse over new boyfriend,https://www.aol.co.uk/articles/kate-garraway-extremely-upset-sick-124515000.html,,,,,,
2026-07-26T09:15:00+00:00,UK,stokesentinel.co.uk,,1.0,English,"Dekota , 25 , waiting at least 12 months for PIP decision needs £2 . 4k to buy dog",https://www.stokesentinel.co.uk/news/stoke-on-trent-news/dekota-25-waiting-least-12-11076020,,,,,,
2026-07-25T09:15:00+00:00,UK,aol.co.uk,,1.0,English,Kate Garraway brings new man to pal birthday bash as their romance heats up,https://www.aol.co.uk/articles/kate-garraway-brings-man-pals-081944000.html,,,,,,
2026-07-23T21:45:00+00:00,UK,onthewight.com,,1.0,English,Binnel Studios opens its doors for twelfth annual summer exhibition,https://onthewight.com/binnel-studios-opens-its-doors-for-twelfth-annual-summer-exhibition/,,,,,,
2026-07-22T13:45:00+00:00,UK,aol.co.uk,,1.0,English,I used to love charity shops - but £9bn app has now ruined them,https://www.aol.co.uk/articles/used-love-charity-shops-9bn-130100000.html,,,,,,
2026-07-22T13:15:00+00:00,UK,liverpoolecho.co.uk,,1.0,English,Woman who visited hundreds of charity shops notices worrying change,https://www.liverpoolecho.co.uk/whats-on/shopping/woman-who-visited-hundreds-charity-34333251,,,,,,
2026-07-22T02:00:00+00:00,UK,dorsetecho.co.uk,,1.0,English,Long Covid Kids backs mum taking on triathlon for housebound son,https://www.dorsetecho.co.uk/news/26293841.long-covid-kids-backs-mum-taking-triathlon-housebound-son/,,,,,,
2026-07-21T05:30:00+00:00,UK,swindonadvertiser.co.uk,,1.0,English,Disabled ex - GWR manager claims unfair sacking over health,https://www.swindonadvertiser.co.uk/news/26294712.disabled-ex-gwr-manager-claims-unfair-sacking-health/,,,,,,
2026-07-17T04:30:00+00:00,UK,southwalesargus.co.uk,,1.0,English,Lis Mapley graduates with MA in history from Cardiff University,https://www.southwalesargus.co.uk/news/26286290.lis-mapley-graduates-ma-history-cardiff-university/,,,,,,
2026-07-16T21:00:00+00:00,UK,manchestereveningnews.co.uk,,1.0,English,What happened to Sharon Birchwood and where is husband Graham now,https://www.manchestereveningnews.co.uk/news/tv/what-happened-sharon-birchwood-husband-34304177,,,,,,
2026-07-16T19:45:00+00:00,UK,scottishhousingnews.com,,1.0,English,"Court rejects damp - hit tenant bid to be rehoused , says council points system was fair",https://www.scottishhousingnews.com/articles/court-rejects-damp-hit-tenants-bid-to-be-rehoused-says-councils-points-system-was-fair,,,,,,
2026-07-15T13:15:00+00:00,UK,coventrytelegraph.net,,1.0,English,Man  addicted  to wrong drug  after disease was misdiagnosed for 7 years,https://www.coventrytelegraph.net/news/real-life/man-addicted-wrong-drug-after-34294333,,,,,,
2026-07-14T13:45:00+00:00,UK,metro.co.uk,,1.0,English,"Government wasted £10 , 000 , 000 , 000 on PPE during Covid pandemic",https://metro.co.uk/2026/07/14/government-wasted-10-000-000-000-ppe-covid-pandemic-29133820/,,,,,,
2026-07-14T11:30:00+00:00,UK,mirror.co.uk,,1.0,English,Covid Inquiry says Tories  favoured powerful pal while NHS staff went without PPE,https://www.mirror.co.uk/news/uk-news/covid-19-inquiry-covid-ppe-37427894,,,,,,
2026-07-14T04:00:00+00:00,UK,bbc.co.uk,1,10.0,English,"Hours each day in an iron lung kept her breathing , her will to live kept her alive",https://www.bbc.co.uk/news/articles/cwyk4z3e2xlo,,,,,,
2026-07-13T05:30:00+00:00,UK,inverness-courier.co.uk,,1.0,English,Highland patients play key part in long Covid study,https://www.inverness-courier.co.uk/news/highland-patients-play-key-part-in-long-covid-study-439832/,,,,,,
2026-07-12T15:15:00+00:00,UK,inverness-courier.co.uk,,1.0,English,Inverness taxi rapist row continues ; plus tributes to former Inverness Caley Thistle director ; and Highland teacher call for action on health,https://www.inverness-courier.co.uk/news/honestly-they-are-having-to-be-dragged-out-kicking-and-scre-439803/,,,,,,
2026-07-09T11:45:00+00:00,UK,coventrytelegraph.net,,1.0,English,People deserve better  amid cut to vital service at Nuneaton George Eliot Hospital,https://www.coventrytelegraph.net/news/local-news/people-deserve-better-amid-cut-34263263,,,,,,
2026-07-09T00:00:00+00:00,UK,aol.co.uk,,1.0,English,Sarah Storey retires at 48 :  It always about leaving something better than you found it,https://www.aol.co.uk/articles/sarah-storey-retires-48-always-230145000.html,,,,,,
2026-07-05T12:45:00+00:00,UK,theguardian.com,1,10.0,English,Susanna Clarke :  I had been ill for 11 years . I felt like I was about to fall off the world  | Fiction,https://www.theguardian.com/books/2026/jul/05/susanna-clarke-i-had-been-ill-for-11-years-i-felt-like-i-was-about-to-fall-off-the-world,,,,,,
