week_start,NL_gdelt,BE_gdelt,DE_gdelt,UK_gdelt,US_gdelt,NL_mediacloud,BE_mediacloud,DE_mediacloud,UK_mediacloud,US_mediacloud
2026-06-29,0,0,0,1,0,1,0,2,1,1
2026-07-06,0,0,0,3,0,2,1,10,3,9
2026-07-13,0,0,0,8,0,10,3,5,6,6
2026-07-20,0,0,0,7,0,0,0,8,17,10
2026-07-27,1,0,0,4,0,10,1,8,7,5
2026-08-03,0,0,0,5,0,3,0,10,7,13
2026-08-10,0,0,0,3,0,0,0,2,6,10
2026-08-17,0,0,0,8,0,3,0,4,8,13
2026-08-24,3,0,0,7,0,5,0,2,7,10
2026-08-31,1,0,0,29,0,2,1,2,10,8
2026-09-07,2,0,0,10,0,10,1,11,5,9
2026-09-14,0,0,0,0,0,3,4,3,11,7
2026-09-21,0,1,0,9,25,0,3,2,17,10
2026-09-28,0,0,0,5,24,0,9,4,9,7
2026-10-05,0,0,0,0,0,0,0,0,0,0
